Image_Index,PSNR,SSIM
0,30.564654093733488,0.874614036547631
1,32.05289403818908,0.8969134134917259
2,32.588277057087865,0.8875976428244113
3,33.70684402031372,0.9115086583061218
4,34.3254510965741,0.9195187192411423
5,34.939946449415196,0.9199896758430004
6,32.89095672648885,0.8945860440354347
7,32.89701056969788,0.9005621126670837
8,33.34467350083446,0.9044293914957047
9,31.56127655045992,0.8935265014758446
10,34.16805570745967,0.8881750455808639
11,32.828881153726364,0.8876528158016205
12,33.19324108438784,0.890653904540658
13,34.43039831973957,0.9397126584477424
14,31.63324409280054,0.8440806509110927
15,32.64122958545623,0.8906201021962166
16,32.83102699623222,0.9041897159714699
17,33.003177417075776,0.878717439265728
18,37.346700131165676,0.9327847283058166
19,30.56577595625583,0.846877259814024
20,31.104505647225377,0.8661234503596276
21,39.350640073144916,0.9209793959245681
22,37.14980651260266,0.9192353223309517
23,33.617516649010355,0.8916831919822693
24,35.622017554534224,0.8939530818352699
25,36.327473403035555,0.8964829525737762
26,35.06058907137825,0.9045381359438897
27,36.20508751415936,0.9075666809782982
28,35.183070257082846,0.8942793730158806
29,35.67431859060196,0.9034465773129463
30,31.46311391778008,0.8967666500518322
31,31.102486702726424,0.8882836790927648
32,30.050746156487165,0.8492815905628205
33,32.235836540486204,0.8852840972221904
34,30.705056651068286,0.860032997733295
35,32.61696080664244,0.8866101485757828
36,33.03092704255559,0.8749140213990212
37,33.33500382218212,0.9276247144331932
38,33.62090971868564,0.8726283806681633
39,34.45736651641151,0.9307777438539266
40,37.7915983186834,0.9430872295150757
41,34.99194913774361,0.9052905167813301
42,33.2425045436536,0.8904410615692139
43,33.63732743090242,0.9210610505597592
44,30.459088005778966,0.8790630985264778
45,32.90447526569144,0.8699682725563049
46,31.414816136421038,0.9066550025031567
47,29.94489794576895,0.8733078620855212
48,35.70012532736311,0.8807933772687911
49,35.721854735845106,0.8812844997982979
50,35.77680696172218,0.8817646656520367
51,35.731886304369105,0.880974174004078
52,35.69355882449314,0.8817315792512894
53,35.68185151200325,0.879976310939312
54,35.716350039502515,0.8803198152604103
55,35.657274205127266,0.8794167038989067
56,35.65857559275998,0.8806346054344177
57,35.65985605760289,0.8812327144341469
58,35.57873390254712,0.8788549010491371
59,35.55787795453771,0.8792122788410187
60,35.63678932084177,0.8806518888177872
61,35.503609244767176,0.8793600261030197
62,35.600230904038014,0.8811570511236191
63,35.45538271149875,0.8780693822255135
64,35.48157233453955,0.8797241290874481
65,35.43867429390706,0.8794800157418251
66,35.42600846842402,0.8782635610089302
67,35.4096675337845,0.8783922637057304
68,35.38786228552571,0.8788900467188359
69,35.316709912844416,0.8791404145450592
70,35.4904132108489,0.8800105770993233
71,33.675681439922165,0.8965732888569832
72,32.921232334526735,0.8904066544187069
73,35.09827684503576,0.8875558815050125
74,36.11516279368833,0.8932265322861671
75,35.90098643795883,0.8929722404651642
76,35.40467853275549,0.8936462884607315
77,34.9931718417537,0.8834988132704497
78,34.4545897051945,0.9080024442720414
79,34.59050847172312,0.9125570936574936
80,35.14258878819324,0.9075203182673455
81,32.966059203096336,0.8935223115580082
82,29.16453052037056,0.8621341426484287
83,29.66630419304915,0.8508223485373855
84,29.4016216417551,0.8740850954053327
85,29.430561569745834,0.8731261268407107
86,29.33087498500698,0.8558079520208538
87,29.28535473741263,0.8334832639894485
88,27.711511382919287,0.8725855252287388
89,28.004723864354354,0.8748268682630063
90,27.91349254857935,0.8656231239209176
91,27.558953863688124,0.8590465706598759
92,28.031746374984774,0.8684038878569603
93,30.058636506782314,0.8752476206011176
94,28.798389998018603,0.8838123664332628
95,28.869720830236247,0.8811767908240556
96,29.582153236354674,0.8694634828281402
97,30.58050702278013,0.8951514580185413
98,29.818101405555225,0.8959014266405105
99,29.512193166902335,0.872522318652153
100,29.514122077027555,0.8626257262132168
101,29.45478746589028,0.8561939566869736
102,29.516073322052215,0.8531055094454288
103,29.560516794524396,0.8485438950386047
104,29.619205492679306,0.8488688315614462
105,29.579312675519162,0.851480680085659
106,29.65554839442496,0.8380618485519886
107,29.530665987096796,0.8392037883583308
108,29.695126391954236,0.8446414588727951
109,28.931511180651626,0.8336052790343761
110,31.312210418782772,0.8872154815447331
111,29.918319846408853,0.8489963936772347
112,30.95171446261501,0.8762415932120085
113,31.628869235269384,0.847171704890728
114,29.182679017290063,0.8596670520157814
115,28.786432135771058,0.8521504642921984
116,28.938112061761302,0.8591183456603437
117,30.41748437771687,0.8813964672031402
118,36.19892360830299,0.9387005718412399
119,28.957428864730463,0.8165828759627343
120,28.736201364794223,0.8132098969528675
121,28.843154309290384,0.8244979228568077
122,28.81573556294398,0.8182175350387096
123,28.838150213325125,0.8245562095208168
124,28.845963042831514,0.8337352527053357
125,34.44274031320661,0.9039507070307732
126,32.21398707823002,0.8923205094549655
127,31.125562791118966,0.8723859161741734
128,34.55265515885446,0.8834487221159935
129,35.41541749149427,0.8909008176207542
130,35.4908708606025,0.8931599785666465
131,38.35719021133354,0.8999904856147766
132,38.29841069671171,0.8978981934962272
133,38.12571329407853,0.8986473713817597
134,38.007850293886065,0.8973512132639885
135,37.988989252859334,0.8973998629093171
136,37.989587974030854,0.8960502467417717
137,37.564445924691164,0.8931798304853439
138,37.87522386120769,0.8951118680124283
139,37.819924418799204,0.8946876264705658
140,37.82733682027338,0.8964313514089585
141,38.0646695297459,0.8974825787200927
142,38.12656874556534,0.8957324950685501
143,38.190987300422556,0.8964676981563569
144,38.09945752858908,0.8945003480958938
145,38.31805941040129,0.8974552382259369
146,38.203660907368935,0.8951114461336136
147,38.44476506186464,0.8985436813793183
148,38.214818806785004,0.8958200225868225
149,38.25740597391723,0.8964225658426285
150,38.4355292484628,0.8990674390325546
151,38.362760488152304,0.8976805933246612
152,38.37097862922156,0.8979453974504471
153,38.35779927657512,0.8980709017801285
154,38.33604557572825,0.8978313837842942
155,38.54708895491296,0.9013215353965759
156,38.40966975299801,0.897546393746376
157,38.52429680399485,0.8989886335239411
158,38.597095972729214,0.8995584148902893
159,38.4188248509571,0.8980039467287063
160,38.53398304238173,0.8994968016090393
161,38.553385085422455,0.8998404031381607
162,38.62957441638705,0.9004708758678436
163,38.321202445362715,0.8979857952127457
164,38.358810308747366,0.8984951828813553
165,38.36532892586313,0.9005360933895111
166,38.251362706027464,0.9002853168773651
167,38.359221017977134,0.901399881761551
168,38.241945789553625,0.8993672809963227
169,38.25650581228777,0.8998627548341751
170,29.59380113634125,0.8463993282761574
171,30.064018789501645,0.8626189339642525
172,29.95824885004066,0.8606887903943956
173,30.413929050055664,0.8651163715984225
174,29.390898394126097,0.8663156012761593
175,31.15103350672956,0.8746137775146962
176,30.532871619109635,0.8770381487903595
177,29.554953293029982,0.8654340302853585
178,31.1167449690521,0.8689536586222648
179,30.795539129567736,0.872053855828762
180,30.340862623458506,0.8720035649642944
181,30.519480128668945,0.8401979003977775
182,29.422906739239913,0.8248738069242909
183,29.315448640586794,0.8348620371235908
184,29.439926794790296,0.8251040065811611
185,31.388726524103006,0.8738999542710781
186,28.92720630135761,0.8438861849186421
187,27.303646460302016,0.8463998707312346
188,32.6289940831112,0.8963098453030586
189,33.23206064237862,0.888185445731163
190,33.668421901916865,0.8972955825648308
191,32.96951708159166,0.8953125987997055
192,33.51492591662785,0.9006958721056879
193,33.11078185277845,0.8965059750281833
194,32.75383665251874,0.8757401011962891
195,35.20541166917337,0.8990812000303269
196,36.738068922000906,0.8999606146478653
197,30.692436153363793,0.8748851657166481
198,31.189302817258344,0.8775628230297565
199,33.94128328293369,0.9014240162200928
200,32.44750398315894,0.8811455616521835
201,32.683616288467896,0.8919284814755917
202,32.58420199239965,0.8897437809334994
203,32.559545121842135,0.8886446301901341
204,30.828507491360796,0.8815057398023606
205,30.706173777027193,0.8809994486311972
206,29.463810805900632,0.8727966537052989
207,30.67229107873528,0.8982721970162392
208,32.36823516908154,0.8989518273460865
209,34.787524481995916,0.9002959650194645
210,34.72162527703204,0.8992455247199536
211,34.75495184324727,0.898892340256691
212,34.72911931198539,0.899710817103386
213,34.710317712755945,0.899682501238823
214,34.751421049621804,0.8996097251319886
215,34.72476601739198,0.8979936391119957
216,34.72178959921436,0.8992824013204574
217,34.754354465754645,0.8999642055954933
218,34.71827565634388,0.8989144538605213
219,34.68928279718159,0.8986913439140319
220,34.78971285687604,0.8996008485531807
221,34.76070055446879,0.898972472315073
222,34.77006592046855,0.899329739515543
223,34.76918918544762,0.8992993795690537
224,34.76124988755886,0.900607274466753
225,34.729934451142526,0.8989414973978996
226,34.732852072502986,0.8992634739837646
227,34.64472493767099,0.8972480064759254
228,34.733445912627744,0.9007384315123558
229,34.75678080583394,0.9003837118730545
230,34.70156374508571,0.8978139731895923
231,34.71248587418868,0.8992255978028775
232,34.73842138626309,0.899610594558239
233,34.72742723816191,0.8989172441906929
234,34.737712197470174,0.8995576662218571
235,31.316316466010914,0.8682107518720626
236,33.53220223531615,0.8983965678591728
237,30.720920080430787,0.8619061895067692
238,34.85058920407245,0.9247199978957176
239,35.25333650848971,0.9483682923512459
240,33.430855295196395,0.9284741686806679
241,36.18342463490202,0.9363216588106156
242,34.36466155015054,0.916563075518608
243,33.35844591257426,0.8761130550315976
244,34.577172514659836,0.8971676696708203
245,32.38741740779535,0.881531019648552
246,33.42004658430004,0.8832681762838364
247,32.4665721311448,0.8786472328722756
248,32.63274607299254,0.8965698749508858
249,30.96761172930947,0.8842574076620341
250,34.63813670856191,0.9224448306541443
251,30.35500327014548,0.868279108023405
252,30.030499108232547,0.8567490693213939
253,33.31398964218917,0.8974322078909874
254,33.50342121292158,0.8754710602865219
255,32.52610128608766,0.8820162781481743
256,34.07783924470722,0.8964983927030563
257,33.49235281276037,0.8843529661931991
258,32.636654844540026,0.8991057672085762
259,35.15304829631581,0.8923731800837517
260,35.35880722967079,0.8868014497156144
261,35.724765131652994,0.8896185791063309
262,36.193717285456344,0.8953062355146408
263,36.65853605066681,0.8940318271398544
264,36.58196891655387,0.8891956240825654
265,35.185035222943014,0.8878508786315918
266,35.4783543200406,0.8869653479809761
267,35.212014860736936,0.8856014786868095
268,33.311761412853514,0.8969381559967995
269,33.701911848743606,0.9209136856331825
270,34.92810543854843,0.9218637744331359
271,33.39272269540611,0.905941754385829
272,32.04387870603556,0.8909504676398039
273,34.05039738588058,0.9272314773360602
274,30.120376117257784,0.8762847591171264
275,34.22340160957741,0.939897079152584
276,31.61122700885768,0.905830893357277
277,31.516612825891,0.8863014519460052
278,30.246314982325444,0.8762796539596468
279,30.69357125818057,0.8958213696364165
280,29.83684188503556,0.8865717164521217
281,29.247674599781668,0.8977385373928547
282,29.150460192451128,0.8952899402961731
283,31.3815748388049,0.8912149872045517
284,32.86732365502884,0.9185538900623321
285,32.61884458204633,0.920525280348301
286,34.385790458863056,0.940089992383957
287,32.23903098811202,0.9025246651821136
288,32.06197497506304,0.8863981357329227
289,32.32923427778339,0.8940082633018493
290,31.58319152862825,0.8840855420526266
291,33.440513572696354,0.892792652630806
292,32.544769423922794,0.8843566066550016
293,31.67636068466512,0.902178890645504
294,33.84703269415169,0.9016135042004585
295,31.763618733319795,0.8078301252825261
296,31.98236041991227,0.8199672740614414
297,30.725618410906776,0.7950333838179111
298,30.78304576216251,0.8306562808170319
299,32.065066248029105,0.844467316968441
300,29.639543986816285,0.7817672058333158
301,34.46886861335891,0.8924302707793713
302,35.22169756604206,0.893271097887516
303,34.00235343775891,0.8844896549503803
304,34.09750084429102,0.8847822023414373
305,34.514368277728835,0.8883556508312226
306,34.73618741294765,0.8886905134224892
307,34.90418463315761,0.8919937112078666
308,34.66325074440423,0.8934857552466392
309,35.16808489671342,0.8892521954021454
310,33.68827649157756,0.8895509456648827
311,33.9173771457001,0.8870970064814091
312,35.58080631210148,0.8932651803894043
313,35.487890735895114,0.8930763450889587
314,35.17930844690931,0.8913644736971855
315,35.24151392036205,0.8913590988225937
316,34.394202887265685,0.8924520810866355
317,35.70891438065396,0.8956796848845482
318,35.609663163747996,0.8963390610957146
319,35.08568021087386,0.8900953839168548
320,35.293723080544424,0.8967080330634117
321,35.54982459141429,0.9095801252361536
322,34.71561684643359,0.9048597058458329
323,34.19958080495087,0.8876892870368958
324,33.880255370659484,0.8853126745481491
325,33.18012816800417,0.8840820806224347
326,33.84292367779137,0.8922237426586151
327,34.422672236022784,0.8940482833838462
328,34.583257805301656,0.8897617710256577
329,33.00556792586169,0.8826050118405819
330,34.08645025526208,0.8929742823719978
331,33.33796825603801,0.8861010121665001
332,34.102708682256036,0.8935779448075295
333,33.856361410251566,0.8886292603430748
334,33.23328053709683,0.88757171590662
335,33.238308342328686,0.8875214299359322
336,33.79364812581087,0.8900774354906082
337,33.79758427653802,0.8886155079908371
338,33.38875374849497,0.8896460581746102
339,33.94210583128832,0.8932878110809326
340,33.28673033896743,0.8917396258854866
341,33.56368913495344,0.8802633818602562
342,33.752219618147976,0.8784338608741761
343,33.835661970752604,0.8843370022201538
344,33.73470026143582,0.8829571983513832
345,35.187177351749604,0.8930747403025627
346,34.206546852781265,0.893876512925148
347,34.458343967633276,0.8935162262015343
348,33.904022866462185,0.8956113099741936
349,33.839219376440056,0.8912893802661895
350,33.8495457026834,0.886963190865755
351,34.06385551956002,0.8872305817437172
352,33.022103768451785,0.8797080913567543
353,33.709575440621634,0.8865749434251785
354,33.046572724532766,0.8940511969051361
355,33.11241761509444,0.8839780109252929
356,33.60436077058677,0.8887164646748305
357,33.2998031917217,0.8879319936995507
358,33.8233826737464,0.8910465203182697
359,33.70381665144387,0.8874668370664119
360,33.584346533665396,0.8833943101384639
361,33.27565116382376,0.884251619515419
362,33.2955185924905,0.8862038924627305
363,34.01127708252938,0.8911680030069351
364,34.11693192792984,0.8908564057960511
365,33.851359127471454,0.8866234626102447
366,34.84452235326652,0.8923751849842072
367,33.66649445388528,0.8944627247481346
368,32.329970279433304,0.8925657721247673
369,33.5542041796499,0.8892772521591187
370,34.086427122991104,0.8889935730547905
371,34.00983563745946,0.8868432501926422
372,33.90959931434171,0.8893977567586899
373,33.33114573615258,0.8875358246331215
374,33.534470194863566,0.8858080094456673
375,34.66767401709659,0.8864459909219742
376,35.89582206823655,0.8905937869167327
377,34.07947225946124,0.9107434470849037
378,33.327359246691486,0.9040835739808083
379,34.84565000941478,0.9132985272397995
380,35.36954539896649,0.9067348338575363
381,31.123826625329034,0.8891404767827987
382,30.546106672359596,0.9040008439188003
383,31.48496450288819,0.8947481650633812
384,33.387327147822006,0.9265645494544507
385,29.74180613370828,0.9011533522491455
386,36.8584471758327,0.9376854907093048
387,33.59981054238557,0.9074621603565216
388,34.96615877593686,0.9278156986384392
389,29.554864803888705,0.8455810482953191
390,29.72440750792942,0.845063701259613
391,29.53714704876196,0.8378794222429097
392,30.7198418284124,0.874358967252072
393,31.40549869461109,0.8845339244570732
394,29.683358493359773,0.8352257837751387
395,30.78999907197861,0.870615918040514
396,39.75233319325277,0.9203159796772004
397,38.832707490479244,0.9099620546445847
398,39.08309048962015,0.909775457933426
399,38.760862439866386,0.9175724658164978
400,38.71550693097489,0.9149718414993286
401,33.85717755554522,0.8902922406125069
402,32.56306654518555,0.8815809347894191
403,27.96991951670543,0.8622935342960357
404,28.30538965472055,0.8671440658517671
405,28.595640560347377,0.8902828210942745
406,28.99828550408283,0.871803522360921
407,29.08129019848849,0.8775208755505681
408,28.551439524788936,0.832518119938612
409,29.86885016080977,0.8704525124073028
410,29.285513868020953,0.896811466600895
411,29.50675298828683,0.8873038160817325
412,29.56055257386712,0.8704308015494346
413,29.757609602803075,0.8690793973180949
414,29.964992474244497,0.8754637726809085
415,29.74942883280706,0.8701548995444774
416,29.544233968836117,0.8688268529869319
417,31.79111778399102,0.9061627200675011
418,29.596398950700575,0.867821886408031
419,29.844415716878345,0.8651836560560465
420,30.85280631409003,0.8784407547097206
421,30.56953234247912,0.8869915893702507
422,31.152713558382835,0.8880658271126747
423,30.123131587439165,0.8713566986424923
424,32.0943905504046,0.8653138410534859
425,28.949558621942963,0.8767034969499111
426,28.45553342425664,0.8605368699808716
427,28.37378941229519,0.8566351026164889
428,28.31098117224881,0.8442927624868005
429,29.697347593186056,0.8606477277560234
430,29.540141228517143,0.8572013554079533
431,29.46456569862082,0.8551344358348847
432,33.19228076024676,0.8850875757713318
433,31.024585150592788,0.8539151067766361
434,32.367136398793875,0.9039908107274771
435,31.660097565935224,0.8509113605566024
436,38.69907994458907,0.9056162335329055
437,38.34037045491422,0.9051266347341538
438,30.992035733592274,0.8774965611702203
439,30.912414290206733,0.8817766762245893
440,32.78801893680392,0.911804116522789
441,31.411237044408878,0.8789546650109291
442,31.568924282161476,0.8761995243998766
443,31.124574919132336,0.8852323553528786
444,31.67891876028709,0.8960108325681686
445,31.779505064494437,0.8975769226169587
446,30.784025916306796,0.8854944622892179
447,30.792345037950945,0.8872462722306251
448,30.627209619251097,0.8872843005621434
449,30.587315857735792,0.8864189054939747
450,30.457937227767992,0.886862252686739
451,31.503606993055733,0.903512342247963
452,30.490776640000984,0.882822197637558
453,30.741001215236384,0.8856222086517811
454,30.3711521143185,0.8797945819289684
455,30.84151470433242,0.8845932532176971
456,30.854594028011498,0.8825852903323174
457,31.073648958751114,0.8889951607964038
458,31.58594364861436,0.8936742186696529
459,30.362808924217305,0.8788883071012497
460,30.688225005737564,0.8851159780359268
461,30.438258839967634,0.8814724398398399
462,31.330492950359805,0.873744070611
463,30.89223915892392,0.8843280548491478
464,30.352915276280168,0.8841931772208214
465,30.438266069314164,0.8850516686820984
466,30.709419710687254,0.8808139985079765
467,30.59177891879235,0.8764360779156685
468,30.56003932754606,0.8765622505946159
469,31.34531305141227,0.8861966375772953
470,30.854591873960466,0.8805837116513252
471,30.428656484991347,0.8799777859294414
472,30.83778726565201,0.8835257213087082
473,30.42155683953041,0.878805879761219
474,31.081069344516603,0.886613200605154
475,32.26470106380302,0.9105299230074883
476,30.47294957788608,0.8783134540008306
477,30.608141592849808,0.8803034715447425
478,31.340107128563734,0.8954909444096089
479,31.494435909914834,0.9003068039944172
480,32.40767268686548,0.9008723488273621
481,32.86601640126373,0.9069899706583023
482,29.615735222149485,0.8808491348466874
483,29.934617601096413,0.8807045269515514
484,30.322842484546953,0.8768425955700875
485,30.71716488589137,0.8836892122597695
486,30.46336955488205,0.8807777866170406
487,29.90433786406871,0.8729114222331047
488,29.682360324668416,0.8678168715386391
489,30.128669097092438,0.8776865623167753
490,31.13949875548439,0.8953334041638374
491,30.681863906523894,0.8885991745467186
492,30.375071623106386,0.8813203029465675
493,30.470856862352047,0.8752400837922096
494,29.963188146613867,0.8760590020976067
495,30.38211844097482,0.8766970867869854
496,29.332796457892346,0.8754776701438427
497,30.079299324016663,0.8824416129486561
498,30.36455387118636,0.881591135217905
499,30.41365505068945,0.8757305755865574
500,30.125804218587653,0.8730621499385833
501,29.968575916180225,0.8745543359533549
502,30.514955295061075,0.8766078981654644
503,32.329770394427605,0.8957361148359776
504,32.82488342427649,0.9051455330991744
505,32.99931165355794,0.9130966060991287
506,30.646510362001578,0.8982700377659798
507,30.612411255419538,0.893708024657011
508,30.71031125815793,0.8835672272400856
509,31.47003616494669,0.9036099447987079
510,31.1381453224002,0.8935123328871727
511,31.913392872846632,0.889729030924797
512,31.853046027249846,0.8935176942391395
513,29.434684732898585,0.8751000284128189
514,29.786221293758707,0.8811157484500408
515,30.777222003941848,0.8904511807537079
516,27.69378814780044,0.8775780000017583
517,30.788091577790087,0.856904093543768
518,32.04791182230181,0.8703210700809956
519,31.849764815712824,0.8643830064737796
520,30.616649199354804,0.8775310911107064
521,30.064574923245736,0.8734956003447771
522,28.504421925152595,0.8831768185727149
523,29.654574067276464,0.8839154995269776
524,29.332250952505753,0.8766360888130664
525,31.010052877379305,0.8879821814632416
526,34.04300634275876,0.912973533507824
527,31.145320783857848,0.8523057027058601
528,32.71334945674503,0.8925065580306053
529,31.520478661738245,0.8906105217509269
530,32.26087988882977,0.8726389026741386
531,33.300797328633905,0.8923122410621643
532,33.93924015728509,0.8846199114689827
533,32.635170871610185,0.9102687069969178
534,30.904924371543384,0.8533141348078251
535,33.158552512723375,0.8914297161717415
536,36.11571465040437,0.9232501520972252
537,32.284964347527385,0.860963507692337
538,32.14590496779849,0.8866750660452842
539,31.351263313559556,0.8910179301567077
540,30.90521483892806,0.8738951567111015
541,33.91954247844246,0.9177961361622811
542,27.580945467383714,0.8385100912114345
543,27.898487456612084,0.8014944068961907
544,27.74173854263498,0.8170119446724355
545,28.33202098951658,0.8302320569439381
546,35.331014054061036,0.9236063289179802
547,35.184113563167124,0.936258680366993
548,32.62387982932263,0.9094040919910781
549,32.34029617435979,0.9057290548132956
550,33.64140431033085,0.9189354435024262
551,30.521518560599713,0.8916176666293144
552,33.257991215878,0.906645791100502
553,30.265873506079473,0.8886463782294989
554,31.72932292153078,0.8858994418902397
555,30.976904628677786,0.8624720667669773
556,31.048739262087267,0.8660818956284523
557,31.92022357114389,0.8819433329665661
558,30.657688037846075,0.8718720386664868
559,31.937483790548384,0.8891312465366125
560,30.375480056099327,0.8822480952453613
561,30.189175014214605,0.8756910551325977
562,30.44191368016274,0.8660960536937714
563,30.23118850363997,0.8657623371739565
564,30.123001888263254,0.8752378062160016
565,30.374219712283825,0.8908495849362612
566,30.043505991912824,0.8939704917220175
567,32.814200953903864,0.9138494501080513
568,31.471903275969908,0.8751826550779342
569,35.862071368637146,0.8933448343496323
570,35.78027575362489,0.892001605102539
571,35.59467474530428,0.888285912621975
572,35.95500934900031,0.8954227238736152
573,35.391240658451785,0.8874900517523289
574,36.00289282661833,0.8885740029439926
575,35.287542733808806,0.9166207394580841
576,33.360508303071114,0.891525130171299
577,32.552314872231506,0.8806049002506733
578,33.74774018750433,0.9010374490685463
579,33.294146791853684,0.8905790040459632
580,34.005063494192925,0.9002391036224365
581,32.62695353743834,0.878649292289257
582,33.96213342495331,0.8884431349015236
583,34.530339733352776,0.8895937854759693
584,31.61933676985173,0.8975826659650803
585,33.615120333739995,0.8919138097286224
586,34.276006881341054,0.8885676657891274
587,34.33830213129605,0.8857036483261586
588,35.19679637328767,0.8851211216366291
589,34.691147498576484,0.8993609291801453
590,33.22106241318518,0.87801878049469
591,33.498374466195905,0.8804321575226783
592,33.16285247229063,0.8840185337622166
593,33.05765106461549,0.877185380867958
594,32.20115726275719,0.879661077129364
595,34.126182895176264,0.8975343791894913
596,34.572539271014485,0.8919607335853577
597,33.56570272084641,0.8859937705414295
598,34.69646469222561,0.8872842852077484
599,34.356003087772336,0.8812902329525948
600,34.18884223741199,0.8818243173136711
601,32.44424037371343,0.8873596329722404
602,32.826907711859405,0.8916224073004723
603,32.87629831065142,0.8753814303798676
604,32.71027301002657,0.8797526702990532
605,32.20593751261256,0.8801514124946594
606,32.4036538799728,0.8786770444989205
607,32.90660368236253,0.8765970938098431
608,32.75213081895048,0.8750470082280636
609,32.90326907304575,0.8765582501039505
610,32.965443491685576,0.8774269179754257
611,33.16559783041535,0.8765896863288879
612,33.168106979249195,0.878726343592167
613,32.766590875890294,0.8774162079980373
614,32.918867393181074,0.8769967105507851
615,33.12384315878586,0.8772018994860649
616,32.97801955390949,0.8756344419863225
617,32.95171745130919,0.8760616214036941
618,33.15900186166868,0.8769853216409683
619,33.19319587705752,0.8780880223865509
620,33.136051020814,0.876937818073988
621,33.13523996892004,0.8764659852409363
622,31.59650958278906,0.8774195479314327
623,31.625270579177446,0.8768870898163319
624,31.629864832973734,0.8820915875926018
625,31.551612109827474,0.8835991942789555
626,31.25118536262412,0.8833733910970688
627,33.059630605143184,0.8842515801897048
628,33.687486723879864,0.8899302160158158
629,37.33248768993479,0.893431933883667
630,36.752911027739174,0.8914098646645546
631,36.2712979304948,0.8971036630907059
632,34.641791112565244,0.8853721812386512
633,34.559426196530396,0.916470837495327
634,30.88195012427213,0.8678045412307978
635,32.231617731455515,0.8987613214902878
636,36.36185189431347,0.8873236287341117
637,36.321815023154784,0.8918023266654015
638,35.73294758617437,0.8886746230237484
639,35.78855985553527,0.8892401301631927
640,35.09357004481954,0.887887475165844
641,35.289858413798235,0.8884055709524155
642,34.982729863894164,0.8828971123456955
643,33.75223894142378,0.8881678216159343
644,33.955227584150194,0.8891348707480431
645,33.23170468356726,0.881646997975707
646,33.35200922063091,0.8677788856658936
647,33.48808043398079,0.8756633295869827
648,34.66629997638276,0.8975372782502175
649,35.38141877079863,0.892853289870739
650,35.18689025594447,0.887686942269802
651,34.19610333680048,0.8948795719504357
652,33.67704534224992,0.8822841930541993
653,33.18157069304271,0.892301884816885
654,34.266013408806415,0.9005090735692978
655,37.84463701783353,0.9013430385227204
656,37.465067449921015,0.9109864565634728
657,37.8226262577692,0.9038437721214294
658,37.67142520709794,0.8953288763809204
659,35.08839159705374,0.8967153815755844
660,35.94761834304348,0.8928128289556503
661,35.464072491343394,0.8915131139173508
662,35.46600742708997,0.8981725623521805
663,31.775112292836067,0.880472160184145
664,31.86470568292937,0.8386427179856301
665,32.59648670298653,0.8651142841238976
666,30.531715832328025,0.8402865952935219
667,29.26597291352114,0.8970363181705475
668,30.082565412687686,0.8979348965191841
669,33.72682189784511,0.9011753478183746
670,31.236531596836823,0.8860836630616188
671,28.905538460436556,0.8109761031261329
672,31.636338459899793,0.8499113674103645
673,31.59774811550365,0.8593526353554726
674,32.69238239715926,0.8625872431943417
675,31.226853292651008,0.8659511127216816
676,34.506371426181715,0.9015570650639534
677,33.432748901949964,0.8889916188998223
678,31.07606212271171,0.8653255908846855
679,34.53772074983982,0.8942854385290145
680,33.770997113386244,0.9076167373809815
681,32.63206593524207,0.8952018202028275
682,32.091304115342865,0.8683845669550896
683,32.068633380613505,0.8770218662087917
684,31.76010015092322,0.9072514100852013
685,32.61128783367502,0.8866357166004181
686,30.171299857952278,0.8855768366413116
687,31.878042471380223,0.8771009240181447
688,32.23346106309676,0.9103800755765438
689,30.570113889062263,0.8856860397424697
690,35.6080128665751,0.9208541533031463
691,33.599210434348294,0.8992090400862693
692,33.305257186550094,0.90626409137249
693,33.28911952943193,0.9058568304467202
694,34.7451962082622,0.9282649377317429
695,36.13564178495761,0.942330917181015
696,29.335257873695998,0.8196640371192321
697,35.48723773631748,0.9250843908486366
698,33.67972940813321,0.905068909059763
699,32.758691258073405,0.8870598426234723
700,30.35149838662401,0.82753231478405
701,30.07024784719416,0.8155632588591576
702,30.472887777459057,0.8245123554346562
703,32.919459842267614,0.8834618557300568
704,31.916712124157943,0.8772832220890522
705,32.37962389174511,0.8778126508889198
706,32.09886038278761,0.8763200208735465
707,31.927993422365084,0.8760199352317453
708,33.11524501058226,0.8840846472048759
709,32.67536517965577,0.8824003196794987
710,34.47397376595107,0.9289575628056527
711,32.02735637744236,0.8805286315946579
712,33.46579776649102,0.9116322188692093
713,33.79527570337782,0.8725724150972366
714,33.809020913414514,0.9009030066347122
715,32.50891619413978,0.8778996809206009
716,31.98831141945181,0.8760827168631554
717,37.62730012849739,0.9534388536372185
718,32.46013712201834,0.884916500187397
719,33.57819901985064,0.913155632572174
720,31.15615860899019,0.8705709350283146
721,30.757537028317387,0.8701334029080868
722,31.620429906449772,0.8709109047427177
723,32.971469359432454,0.8759207790030837
724,33.58667666970128,0.8893445764698982
725,32.97393472121792,0.8963454582152367
726,33.1734048305483,0.8889794634786844
727,31.908194923282124,0.8860710811798572
728,32.751603445836956,0.8859411419197619
729,32.52350700942478,0.8806664201350212
730,34.534966540974075,0.8954875884780884
731,33.55873785624644,0.9018514092726707
732,32.34407206958976,0.8982121106783748
733,32.15721048999187,0.898568684155874
734,32.28360276014902,0.8897700443544387
735,32.45110770003324,0.8867077027568817
736,32.31713716147192,0.8853720767776966
737,32.63851414540306,0.8817552432787419
738,32.69303173293026,0.8855566397128105
739,32.47960325863957,0.8817688929293156
740,32.41363491006493,0.8811203813948632
741,32.42351984301812,0.879104269343853
742,31.953757994239567,0.8753085473165512
743,32.1431989694696,0.8734701814709007
744,32.41971689152783,0.863816054445982
745,32.61902252789328,0.868972629466854
746,32.40142086178165,0.874635342941165
747,32.31615248055589,0.8725677415976524
748,32.045509389741554,0.8753351379946693
749,32.255188065708595,0.8736553138284534
750,32.660182024278754,0.8594308334884941
751,32.89854972645569,0.866225202672422
752,32.5233222964487,0.865537495256424
753,32.42037409279729,0.8657414275631905
754,31.547661761392387,0.871156058709681
755,31.423456500045,0.8706302404713631
756,31.443512213582956,0.8717179469482899
757,31.587171824286454,0.8732887853460312
758,31.607946235548532,0.873843256506443
759,31.542051206084636,0.871589748819828
760,31.453302139671777,0.8731226917600632
761,31.424448041703727,0.8740570493011475
762,31.501689878081507,0.8722170505156517
763,31.693874335438803,0.8748318419620023
764,31.630089206259942,0.874320089840293
765,31.667660079002165,0.8753503069367409
766,31.49212611088891,0.8758449905281067
767,31.590458517537353,0.8752684616456032
768,31.596327402500428,0.8748429423863888
769,31.84470860972921,0.8770247745316029
770,31.970713027037014,0.8813662781178951
771,31.802174006239127,0.8786279163644314
772,31.71242108858292,0.8807987373266221
773,31.533910863287623,0.8814235823209285
774,31.75977047923717,0.8829325063878298
775,31.671666762825346,0.8839980339393616
776,27.94014275693332,0.8467376318181753
777,32.65203690629106,0.8809509346568585
778,32.79250868386012,0.8904802970561981
779,27.86937372024015,0.8825574845939874
780,34.887977863210025,0.9198552605495453
781,29.11814431524943,0.8769865575079918
782,30.299977353859223,0.8551437103586197
783,33.06819937306698,0.9015878325133324
784,31.877118722852757,0.8854914597086907
785,31.855687878415765,0.8877512867949009
786,31.4925421348449,0.9044730288882256
787,31.796829934472505,0.9090544461283684
788,32.15115480790912,0.8953038226847648
789,28.77910085952523,0.8270535128850937
790,34.3148567431437,0.9208551368179321
791,29.79811299550313,0.8137075063920021
792,32.01354553604856,0.8496030263156891
793,31.33519475668679,0.8975667671995163
794,32.19455648705201,0.9026005538139343
795,35.010372070371304,0.9347787361969948
796,34.427013080492955,0.9127712140963078
797,33.12514963550497,0.9003546551868915
798,31.595182597097434,0.8889502617740631
799,31.430710689011928,0.8908500115976333
800,32.44301323004152,0.9095962261865139
801,33.456226362017055,0.8919817038645744
802,29.77604929173717,0.8739646081609725
803,33.274546706721736,0.9295311336336136
804,32.0410759108275,0.9053794935722351
805,32.45879418754021,0.9027034010305405
806,32.359213241690256,0.8850064342751502
807,32.94794536036492,0.8912701780705452
808,35.76732426496982,0.9011778132247925
809,37.02219271738358,0.9043215158557892
810,35.73518418670463,0.8948087659368515
811,36.83750722088106,0.8961879942564964
812,34.62851729414707,0.9095822414364815
813,33.53208763236226,0.8851931631193161
814,32.49869311127049,0.9228702656328678
815,27.43884538129543,0.8507470938881636
816,28.032369069921124,0.8745255332735777
817,28.67119338169037,0.8944177536392212
818,28.27983765088575,0.8765558507928923
819,28.543211189286886,0.887059684534192
820,29.2081331567649,0.8509785733866692
821,29.22751052669675,0.8308170009388923
822,30.20615193089715,0.8635849757797718
823,29.81119249973142,0.8597813585989476
824,28.747672213397433,0.8355831991727604
825,29.110874856382406,0.8010344542354345
826,30.813835282342637,0.8739126691031456
827,34.07733782544859,0.8885695859113922
828,33.3309949529438,0.8800525827231407
829,32.06205240714573,0.857828281036377
830,31.668279943855882,0.8857102682340146
831,31.307040214873037,0.897923452154398
832,36.383858084922196,0.8986208138484955
833,34.77972107491065,0.8963712123336792
834,34.93927427320913,0.8842976021108627
835,34.63481242716807,0.900734344771862
836,35.368624956777886,0.8950865762500763
837,35.84552204232983,0.9059259178528786
838,35.771474884860105,0.8956406604986191
839,33.82544411954789,0.8964601868863106
840,34.320365265471004,0.8923268452680111
841,33.13780353682784,0.9316207885482312
842,33.95752716337323,0.9039372263798714
843,32.83656990472402,0.8686540141420365
844,31.931576332224225,0.8804552629269361
845,31.850025622562757,0.8849704321849347
846,31.760814885335485,0.8880212159399986
847,31.802573794405212,0.8833762030156851
848,33.91122881918139,0.8883321700615883
849,29.833054015759718,0.8936727940160818
850,30.13994072734238,0.892147295634687
851,31.677036509896162,0.8852389447146244
852,31.56737019854824,0.8900360294809788
853,31.51443911475551,0.8907304451360255
854,35.34849040807725,0.9317315585446357
855,35.17740519772459,0.9299980359573364
856,35.918902028213495,0.9337069587373733
857,35.563938309286385,0.9239397753787041
858,35.56897872484707,0.9221222361750603
859,35.40691373256474,0.9172419979133606
860,35.42596556056218,0.9207144872303009
861,35.20611896590442,0.9209361243004799
862,35.021301609038844,0.9185137487812042
863,34.87677610979171,0.9219386531229019
864,34.849991378629454,0.926478838581562
865,34.48679678452812,0.9310656500792504
866,34.89808348202199,0.9338959068717957
867,35.04320192376403,0.9342683295097352
868,35.03590442597295,0.9326883273768425
869,35.031585667328436,0.9319483870620727
870,35.291283603269704,0.9311775522360801
871,35.393720535868695,0.9327856256389618
872,35.459830220228156,0.9333395429530144
873,35.69736634653089,0.9338157807307244
874,35.63037191721028,0.9321997359204293
875,35.99212674973763,0.9352366405944824
876,35.82128587847278,0.9339792249679565
877,35.6903698951537,0.9326239811506272
878,35.4509132637433,0.9297570156645775
879,35.47068504404615,0.9298913922963142
880,34.59444772869743,0.9184771988606453
881,34.692183030151426,0.9220700281124115
882,34.719681405810306,0.923087600590229
883,34.80107026452978,0.9254684096474648
884,35.00786519093722,0.9284223579778671
885,35.22469900921274,0.9281607589201927
886,35.09144818050589,0.9276240389370918
887,35.39623331918446,0.933204774971962
888,35.879987009492886,0.9340583281116486
889,35.72278882428321,0.9320881570892334
890,35.64859609846145,0.9322006727800369
891,35.77430855546229,0.9310178045716285
892,35.77787936924623,0.9310513126225471
893,35.81532466546327,0.9276601989459992
894,35.74632854969869,0.9282380038795471
895,35.80550910372503,0.9305014995236397
896,35.740818255292425,0.9299791709699631
897,35.6944321844517,0.9306703105459213
898,35.65135747094657,0.9311146797232628
899,35.603341465428265,0.9273457711248397
900,35.523323720441475,0.9279479938631058
901,35.70370636948574,0.9279840925707817
902,35.71683578781826,0.9283490831494331
903,35.81250502923294,0.9296870264687538
904,35.97917834426349,0.9312608311071396
905,36.07567896351923,0.93358237037611
906,36.11396183198311,0.9344836778073311
907,36.14304078409573,0.9347962499580383
908,36.24018032327288,0.9350642589721679
909,35.939350753212594,0.9349122667899131
910,35.92045990297627,0.9354402740578651
911,35.74104352987274,0.9329319458441734
912,35.78988074310728,0.9326575251865387
913,35.955129338679406,0.9345594458084107
914,35.58557127663861,0.9309254798297882
915,35.74534314073608,0.9315634366202354
916,35.95679316509754,0.9255158762335778
917,35.6847342118125,0.9244511577739716
918,35.59496044361137,0.9233908500595093
919,35.649595429271535,0.9240375598115921
920,35.7223448681517,0.9253806878037453
921,35.74139494978847,0.9226147212877274
922,35.733999241922746,0.9211648708658219
923,35.6669360978426,0.9204010927186013
924,35.66717785437111,0.9211857087740898
925,35.68204268492182,0.922522170920372
926,35.81773614538653,0.9187954501714707
927,35.757913202323216,0.9181214159975052
928,35.60345540368205,0.917665465294838
929,35.59594445569421,0.9171488577375412
930,35.757762064069375,0.917829333849907
931,35.996690795130284,0.9252037076692581
932,35.39035978857114,0.9214408677463531
933,34.99085636068469,0.9208047030162811
934,34.99191885810829,0.9211540575170517
935,35.14222693874871,0.9221709815940857
936,34.89644176382233,0.9259401984033585
937,35.00892288121087,0.9277202269020081
938,36.06741898264174,0.9372787994222641
939,36.15706899646541,0.9376675213546753
940,36.092071276064736,0.9380285701360702
941,36.095991949463325,0.9362700351490975
942,36.06368193816743,0.9363937418107986
943,35.95603525261412,0.9311292585220337
944,36.22146513775779,0.9347098007926941
945,36.42497542859417,0.9329717665367127
946,36.223511390797285,0.9314887619128227
947,36.04153146830172,0.9296663980755806
948,35.88933893511365,0.9286469457674027
949,35.771140318349325,0.9280462690491676
950,35.752056979390055,0.9272769549076557
951,30.02544492758031,0.8619806555073262
952,30.932202753366624,0.8965706843876838
953,30.51394772390058,0.8803918621568679
954,29.82214610962898,0.8790457330136746
955,28.936556168056825,0.8571565139746666
956,28.817944191964536,0.8502025709135532
957,30.003904208890102,0.8753728140482903
958,29.655712867074172,0.8694640456733703
959,28.963847747139685,0.8490203933854104
960,28.278881019267086,0.8235184293174743
961,31.036243046510876,0.8654236652606726
962,30.532806854778897,0.883239737688303
963,29.441557997995123,0.8405838407024816
964,30.263483639310486,0.8745310478208065
965,30.42033162160608,0.8591602422370911
966,33.10821860206261,0.8900123109910488
967,33.809304801350265,0.8951751502847671
968,31.85773427705035,0.8751104494073391
969,33.14758549963982,0.900298872610569
970,32.10719121139153,0.8850657246928215
971,34.39360377880486,0.9355729812662601
972,34.079770661316,0.9313147782521248
973,33.86597347032866,0.9216598248831034
974,29.168809640594176,0.8289243250901885
975,28.34156884675788,0.8209742158410848
976,28.01794839289751,0.8005386331745982
977,28.079815780312245,0.8210368088050782
978,27.86668106781201,0.8069143407919146
979,27.695944465220034,0.8232028312880173
980,27.90903028096625,0.8363017522475449
981,28.493487150040117,0.8230116274712086
982,28.922504425908492,0.8544164791309596
983,28.934382905300033,0.84651483613344
984,28.448589608467287,0.8016622216393017
985,28.434062834119565,0.8158854907796383
986,28.975835311801532,0.8064034722780138
987,28.697294770631125,0.8114305487333163
988,30.232190865988137,0.865569408364296
989,28.814398643937295,0.8063136574635245
990,28.7076903456782,0.8031805546171963
991,28.129221816175487,0.8117372213246301
992,28.266169639660855,0.8092476050424278
993,33.90314135732238,0.9135274378738404
994,30.984350678584356,0.9014391638886928
995,32.74934824986882,0.9124041075851917
996,33.59497663217023,0.9165909410653115
997,31.94810165538851,0.898920329678297
998,28.098344499420065,0.858892745950222
999,31.474854266417825,0.892597647768259
1000,34.09484677951354,0.9168343267519474
1001,34.48467269043835,0.9147785984721184
1002,32.55612825503772,0.8986570976037979
1003,32.660755438368405,0.8908114503414333
1004,31.351956592977068,0.888732288585335
1005,31.22955772024989,0.8953011666224003
1006,31.309890902132977,0.8957138562877178
1007,31.385906590296976,0.8862568695979715
1008,32.912838886688014,0.8878753444447517
1009,32.76395713127743,0.8853251816593781
1010,34.34066485250795,0.8924340856719017
1011,34.37714459398161,0.8926126416831016
1012,34.9055650401245,0.8814698524823189
1013,34.70495017308074,0.9169486573266983
1014,32.32491601258383,0.8832275917320996
1015,34.010280929043105,0.9034013257246017
1016,32.588109663586124,0.8950959419851303
1017,34.002294182722245,0.8985664032842368
1018,34.60841696904367,0.9034259210448266
1019,30.879643945832495,0.8803378072954416
1020,30.958247025396762,0.8944988631708622
1021,29.178239958738995,0.8822388672542572
1022,30.611276354465716,0.8833547455015183
1023,31.854853003327214,0.8877894560174941
1024,30.165029025378,0.8516201572463512
1025,33.96430057414818,0.9092310034532547
1026,32.275909875201386,0.901540041383028
1027,32.37719035908304,0.9042506698272228
1028,31.2397997970443,0.8842656082353592
1029,32.57372793736206,0.9145380200257301
1030,32.47717257309242,0.8971273637485504
1031,32.579870485540326,0.8883220330758095
1032,30.83502180580475,0.8854530642385483
1033,32.70288541903462,0.9167179773926735
1034,32.37794089981125,0.8916832511446923
1035,32.380329976687804,0.8844927156395912
1036,35.54103232096585,0.9426965647654534
1037,31.916407929448734,0.8656785787086487
1038,33.651279365765994,0.884641499504894
1039,32.60543396614527,0.8740751416938752
1040,32.1922747234062,0.8742282566288709
1041,31.41711752950537,0.8583266052949429
1042,31.289581609810714,0.8496840914021582
1043,33.12130400746071,0.8922284274029731
1044,32.978141741762734,0.8854401752030849
1045,32.13619779220436,0.9033851577525139
1046,34.09710874152543,0.9297236588175297
1047,32.641757862814565,0.9152415329804421
1048,32.200610722232966,0.8817416536705494
1049,31.220025975178096,0.8648749567017555
1050,32.157194793192254,0.8891957844879628
1051,32.530416843388686,0.8940627117247582
1052,32.156845251410296,0.8982099779407978
1053,31.478206126305288,0.8983191237220765
1054,32.55605806900556,0.8990323877949715
1055,32.299270083993605,0.898859976805687
1056,37.40401329917643,0.9145968031835556
1057,34.77198893517286,0.8987555594558716
1058,34.360744157120116,0.8966392609519959
1059,34.07165952397484,0.8971933018362522
1060,34.379907335665955,0.8996120603652
1061,34.24748144809782,0.8967092969121933
1062,34.72730526111953,0.9001018223438263
1063,35.27368035968726,0.9061119685397148
1064,34.77323005804278,0.9008566907439232
1065,34.85944279789862,0.9002763764395714
1066,34.768863492198925,0.8970226396064759
1067,35.082535733590696,0.8999405711650849
1068,35.39144299097267,0.897778037776947
1069,35.768007011768184,0.9002975692629814
1070,35.32950836717751,0.8956881714134216
1071,35.44233014354616,0.8962447633709908
1072,35.761553782640256,0.8979249125185013
1073,35.780012165170916,0.8982480124063492
1074,35.81080393721072,0.898915920083046
1075,36.28971661007829,0.9025549868659973
1076,36.29766751695336,0.9026303361520768
1077,36.02533364569658,0.90051568415308
1078,36.28851375657761,0.9020492607769967
1079,36.76846824100892,0.9061075627841949
1080,35.35264354835024,0.8963362182943821
1081,35.34673264666814,0.897035779182434
1082,36.627173181984226,0.9040875749378204
1083,36.04163552175883,0.9018830306339264
1084,34.712648562736085,0.8956655257763863
1085,34.70395930532039,0.8960182717180252
1086,34.91029665973389,0.8914497364234925
1087,35.013165754145575,0.8947854331598282
1088,35.08165495338949,0.8967631662116051
1089,35.38925051241427,0.898841062415123
1090,35.6761721641,0.9020339365859031
1091,35.55320007054418,0.8992592864875794
1092,35.53762039914331,0.899752971499443
1093,36.00407694326415,0.898629541472435
1094,36.32893693118245,0.8993587718129158
1095,36.51652342748433,0.8999433071146011
1096,35.96028710326428,0.9019881748380661
1097,35.757428707420274,0.8981928631038666
1098,36.05934395014347,0.9025133526844978
1099,36.0904928273033,0.901436717048645
1100,35.59347966451652,0.8966267107887268
1101,36.035477870172755,0.8999925697488784
1102,35.90686802604639,0.8962323766312599
1103,36.50353382678328,0.8986864863443375
1104,37.13744263239123,0.9064077340259552
1105,37.57550556197392,0.9057799398422242
1106,37.001127507906595,0.9040499660496711
1107,36.88479572298573,0.9025491427984238
1108,30.71465104659465,0.8691744589936733
1109,31.260870457403904,0.8803133573617935
1110,30.943018902578025,0.8778291637992859
1111,33.232996234646826,0.8996078290288448
1112,33.069192204791165,0.9060761838755608
1113,32.285818003674166,0.8886226266288757
1114,32.24491519299822,0.887768130625248
1115,38.66906912461215,0.9359200220327377
1116,32.78050385306872,0.9014075142171383
1117,33.59549205169474,0.8701624899272918
1118,33.994477705418745,0.8998540387883186
1119,32.985287982362145,0.8879754267725944
1120,31.47372461105148,0.8303259355008602
1121,33.066256845703556,0.861771007065773
1122,31.98225730964973,0.892325489835918
1123,30.600720893912694,0.8888666811101437
1124,32.28294704708532,0.9000483645324707
1125,33.24024141659528,0.906733439221859
1126,33.627821926427586,0.9126013943901062
1127,33.66685741620897,0.912734136982441
1128,31.666840453095077,0.880293700229168
1129,35.601642995198986,0.9073243390851021
1130,31.492824483823668,0.8829155467123986
1131,34.276344571467945,0.8888540948777198
1132,33.53299697620181,0.891557905421257
1133,33.95875385749865,0.8774207250399589
1134,34.96542203569792,0.8895683659348488
1135,35.42477627342994,0.8901437970938683
1136,34.943652566194494,0.8912461927361488
1137,30.98574203324541,0.8673524568259716
1138,31.122693138195263,0.871665547794342
1139,32.64742214153387,0.902201272555828
1140,32.777974751032254,0.8964112962288856
1141,33.58512318250291,0.9019828314876557
1142,33.52084793675039,0.8945341994934082
1143,32.39793654435231,0.8804612721066475
1144,33.14603059200439,0.8977915968065262
1145,32.97565504258399,0.8986753687925338
1146,33.51838731719554,0.9015723202195167
1147,36.993781795417064,0.8923236296439171
1148,37.866245171590045,0.8891974957122802
1149,36.890938863377905,0.884305351629734
1150,36.464054018771826,0.8952327204074859
1151,36.50048504052252,0.8859150959978104
1152,36.46514730931597,0.8845381315870285
1153,36.02420763005479,0.8890118914403915
1154,30.45039217152003,0.8254406778819561
1155,30.463835560112187,0.8258097518913746
1156,34.4896747298409,0.909413828350544
1157,34.68189755674989,0.9162790651283265
1158,34.64899255594416,0.9002080334076882
1159,30.337427928823338,0.878667319393158
1160,29.809977215569177,0.8767352191476822
1161,31.97830835042245,0.9081367828726769
1162,32.0864110253081,0.8995550662202835
1163,29.971512597291113,0.8688749106054307
1164,28.905143374912985,0.8897889462940692
1165,30.50267425629986,0.8999015152846574
1166,31.858462648836486,0.9083106184091568
1167,31.426309382127467,0.8781352165269851
1168,32.53608605983453,0.8868782351424694
1169,36.10597444571214,0.9254857445716858
1170,30.344131695879277,0.8767828006978035
1171,33.33715119418592,0.8891407625601292
1172,35.2832480407774,0.8986175233001709
1173,35.650098571336265,0.8978563152947426
1174,33.84697072816656,0.8976283744518757
1175,34.61423151525854,0.8997379783012867
1176,32.758759512158505,0.906836047598362
1177,32.95740053221436,0.8918316671848298
1178,35.09017826531497,0.937188102324009
1179,35.139009173360535,0.9065621921453476
1180,31.4355804087998,0.8951788698596954
1181,34.573933515886324,0.9329766988348961
1182,31.398323844208708,0.8785684166002273
1183,31.35058169455775,0.8906959050297737
1184,32.72715237924123,0.9097954973039627
1185,33.628987220910844,0.9056501119732857
1186,33.03868703979736,0.8982114116621017
1187,30.57188719335879,0.8820515631942749
1188,30.79884881891921,0.8754581341124773
1189,30.209707129430974,0.8694204756109715
1190,30.193305631673724,0.8664048690083027
1191,34.7166888776127,0.9033098702850342
1192,33.801469858680086,0.8947564132733345
1193,34.189396043717025,0.9038646192936898
1194,31.303155929552553,0.8771578533477783
1195,33.60388110958633,0.9002751147584915
1196,33.94946502952973,0.9078654871592522
1197,32.301524510822105,0.8877815347344875
1198,32.62596499389324,0.891803874871254
1199,33.05062931636671,0.8873370187094212
1200,33.37905751534607,0.8875153284752368
1201,33.922175664205106,0.8950184173463359
1202,33.915805642271955,0.8934393403992653
1203,33.74906986998876,0.8839058399548531
1204,32.99700126357985,0.8686313842430115
1205,33.92389498309096,0.8671514357678294
1206,32.668332310079144,0.8794328763895035
1207,32.26289829285127,0.8797849055793285
1208,33.73745176584422,0.883823297659874
1209,34.153145304351725,0.8880604716792107
1210,30.193727326185726,0.8542470855836422
1211,31.281039663306007,0.8649322342910767
1212,32.16655648709452,0.8776968414583206
1213,33.057466592681564,0.8936735761966705
1214,35.25712884233731,0.9215164332332612
1215,34.35128605515522,0.9014499747658968
1216,33.474178405161915,0.889366741802454
1217,31.85059624351232,0.878486386881113
1218,32.25008346183216,0.8712292464280128
1219,33.95320473107545,0.8926499310441017
1220,32.780434461589046,0.881863730076313
1221,31.63574546949819,0.8886602062700987
1222,30.673008854813872,0.8636207933578491
1223,34.71462171833779,0.9016674509716034
1224,33.88670679422162,0.9057003482146263
1225,35.74401471462866,0.9020430985231399
1226,37.8756719641096,0.9447034004192353
1227,32.36073195497746,0.8674792340664863
1228,36.09988655705508,0.948758154815197
1229,31.575724550175444,0.8904254956717491
1230,33.324746278587966,0.9227505727782249
1231,32.6251079467614,0.8889098801636696
1232,32.62299567035058,0.901774998609066
1233,28.78758744919414,0.8858874604327679
1234,36.82918702009057,0.925922615363121
1235,36.75357293377925,0.9290165839090347
1236,36.20360611711904,0.928361155128479
1237,36.54429004750001,0.9317118878970146
1238,36.16894138796643,0.925993927295208
1239,36.05576194003967,0.9242649619066715
1240,36.321052071449685,0.9302551087391376
1241,31.502999143139185,0.8921843062690944
1242,31.122558944117177,0.8863469958943129
1243,31.274911566717662,0.8607728960447312
1244,30.641139573066724,0.8650985727722644
1245,31.57454002591051,0.8790450304522515
1246,30.601798974467354,0.8687847125174999
1247,30.05339230537418,0.8643098176096677
1248,32.308702611926044,0.9091556490473747
1249,30.660150324383007,0.8741133481963873
1250,29.933508844577798,0.8781876976358891
1251,32.12317284111947,0.8676004003683329
1252,33.118925507010324,0.8943530464966297
1253,33.186927929197104,0.8971185648567677
1254,32.53096075290125,0.9008057876428888
1255,32.31525333134543,0.899365996541243
1256,32.4262779788802,0.8973295447561741
1257,33.259957560276874,0.9092201070302725
1258,33.37271892164144,0.8888627258713245
1259,32.25476049981551,0.8788192886524201
1260,30.981688598796477,0.8715251840515137
1261,32.23908472781575,0.8865994416964427
1262,31.08182449549666,0.8911193672375679
1263,31.056062755072894,0.8922608741631508
1264,32.11916449473902,0.8859599274563194
1265,33.16722254440749,0.8846590099745318
1266,36.772677792509704,0.9391287625117302
1267,31.61336892321478,0.8918864989545345
1268,32.93454925517872,0.8901189143519401
1269,33.29855495752338,0.8768317903900147
1270,33.47710084862262,0.8895457945990562
1271,33.17457374906872,0.912342858499527
1272,34.62127498681759,0.9268747654393017
1273,32.622685711725545,0.9007218576993943
1274,30.285369952602146,0.8655531195178032
1275,32.154967777375475,0.8755282849979401
1276,34.33597609253373,0.9005365442891121
1277,31.00474742474273,0.8545578341314792
1278,30.673681085638684,0.8692561259305477
1279,30.93827338697669,0.8656548026201725
1280,30.420784353369406,0.8621299148032665
1281,29.64561936382615,0.8403557403690814
1282,29.662843005846284,0.8389600844275952
1283,30.534145083370095,0.863040352717638
1284,30.030768982856905,0.8557667395567894
1285,34.01411875427483,0.8937150907979011
1286,29.672898011569618,0.8309236512420177
1287,30.523180533051416,0.8575955398716927
1288,33.57534257432797,0.9106920623059273
1289,29.41583064584641,0.8566855632586479
1290,29.38964031769266,0.8582752974185943
1291,32.975201250562385,0.9381963736581802
1292,33.75574626358977,0.9066617912788391
1293,33.55227540148761,0.9048625495791435
1294,33.21404206509288,0.8984641666378975
1295,29.01320063585519,0.8573129895678758
1296,33.019402390116404,0.9119377954902649
1297,30.129207417337813,0.8619190491206646
1298,33.9748981601861,0.9137776700501442
1299,31.615399841296224,0.8785030038390159
1300,37.26371588088532,0.9162807661147118
1301,33.07173720774885,0.896366318851471
1302,33.05847293878039,0.8890105010704994
1303,32.91635905977074,0.8917547915654183
1304,32.256019631562566,0.8790437853474617
1305,33.140132407960905,0.8763180858826637
1306,29.840070204749587,0.84653433421731
1307,34.83523306092562,0.9079618239040375
1308,35.111550824918666,0.913041178000927
1309,37.16799977638018,0.9352526749868393
1310,34.520000038863785,0.9148035074768066
1311,33.22369572819203,0.8985303414111138
1312,35.59483572920471,0.9457683410029412
1313,33.21103695096362,0.8858607794718742
1314,32.11778041399035,0.8992789919698239
1315,32.090530260803135,0.897516364697218
1316,33.03821224352015,0.8820414235908985
1317,32.78640100391779,0.8826923332419395
1318,31.537105506827455,0.8807656932860016
1319,33.14695875791606,0.8908200696474873
1320,31.932639477824072,0.8909866779999733
1321,31.819429223353612,0.8940307200007439
1322,31.20286032045224,0.8779894442229271
1323,30.479909400914504,0.8658768308353424
1324,34.537868520580005,0.8924293551354409
1325,34.411617325327455,0.8921130706005096
1326,34.90726144720942,0.8904750568404197
1327,32.82965823335867,0.8921825168817044
1328,32.40864566112559,0.8920581548091173
1329,32.726621506945236,0.8897782091422081
1330,32.60167140123705,0.8886480532889366
1331,32.43154507750808,0.8876865968749523
1332,33.40404861567091,0.8899491923036575
1333,34.228719392375396,0.8963582472777366
1334,34.00510911237224,0.8870403026185035
1335,32.98084675936087,0.8898289004802704
1336,33.61964714371095,0.8885979907650947
1337,33.47028333662684,0.8883305140533447
1338,36.90894710402902,0.8996230109682083
1339,33.87865332801005,0.890748400065899
1340,33.32211880421801,0.883425064438343
1341,32.935230250312735,0.882759592070818
1342,33.164593122785554,0.8830355559575558
1343,33.85590354010685,0.8891858073167801
1344,33.61307804910909,0.885064177772522
1345,34.28828124221606,0.8888622162423134
1346,34.011369580601254,0.8817882120566368
1347,34.46590268589346,0.889756276869297
1348,34.3856167941727,0.8900111988036633
1349,36.013574713077944,0.9004142071399689
1350,35.48592219419141,0.8890264640922546
1351,34.517727372218545,0.888548907479763
1352,34.81826532737336,0.8879866063256264
1353,34.70713416507625,0.8822030063891411
1354,34.24886700815153,0.8838821896254663
1355,34.58571328052214,0.8860105739219188
1356,34.286215883509136,0.883139832157135
1357,34.426047160282984,0.8825456070380211
1358,35.925473001205795,0.8887305215067863
1359,34.3195930750542,0.8820510594944954
1360,34.16822647311584,0.8774827346396447
1361,34.35313845047484,0.88349721834898
1362,33.95274087413332,0.8768963317134381
1363,34.3010470322234,0.8782735296318531
1364,34.34909852590774,0.8882077064175605
1365,35.118980147082425,0.8838754429235458
1366,35.42796633399544,0.8826719389901161
1367,33.00018090410657,0.888667808084011
1368,32.81852678693733,0.894657973227501
1369,34.06296738815951,0.8962156281144619
1370,34.37252377239319,0.8957710232586861
1371,33.999035122455446,0.8814814297463894
1372,33.884420417587165,0.8790131409277916
1373,33.92087233479889,0.8796118006043434
1374,33.88379969108248,0.8848604537053109
1375,34.07504563721625,0.8791700771393776
1376,34.104538573539244,0.8806298097004891
1377,34.02442625631644,0.8880500171117782
1378,34.42272635995391,0.8971467710881234
1379,34.293773959793825,0.8971141368970871
1380,34.14686015627625,0.8926762580871582
1381,34.27346501328722,0.8928838973941803
1382,34.185902922997464,0.8959012757005691
1383,33.72604768275609,0.8785383702762127
1384,34.046351697094714,0.8810302388396263
1385,33.87829310227945,0.8864189461948871
1386,33.89122854787003,0.8867605561087132
1387,32.57604541800806,0.8883663339159489
1388,32.036647110247216,0.8869239096338749
1389,31.440164268164935,0.8853002325437069
1390,32.26662006938373,0.8894285189164877
1391,32.36641047797601,0.8871112750782967
1392,34.33323402654537,0.8899168342928886
1393,34.26932307766383,0.8845929429724216
1394,34.501309730618324,0.8835551718282699
1395,34.86664721786486,0.8885317717666626
1396,32.38856492445482,0.8914667905893325
1397,32.02683965212104,0.8826048550548553
1398,32.06562793667917,0.8618887722949982
1399,32.23976247786439,0.869864844851017
1400,31.700845545854314,0.8550756558647156
1401,31.113613897441546,0.8529018027629852
1402,33.36827207550836,0.9085055671592951
1403,32.348153676173766,0.8939517177977562
1404,32.70609209734326,0.8918218879799843
1405,32.00870371418433,0.886543391426444
1406,33.939511234745765,0.8912000467295647
1407,33.341079892298126,0.8901756695184707
1408,33.22490336402738,0.8769702018246651
1409,32.946221512498006,0.8746601913542748
1410,32.88745830518505,0.9016390528162718
1411,33.29469148886553,0.88513952709198
1412,35.339758299338264,0.8826025260486603
1413,34.672831086119196,0.9132743171482086
1414,29.205046562324277,0.8510325512868167
1415,28.92037697024037,0.8489685221602916
1416,33.7462532534803,0.914384273424387
1417,31.90829659457791,0.8909546086990834
1418,31.732588400315773,0.9013584850654602
1419,32.37608248053447,0.9098802466619015
1420,32.64076082688134,0.9190421345596314
1421,32.55657381485181,0.9039575396747589
1422,33.31514652334895,0.9123587889256477
1423,34.13054318237632,0.9304926297044754
1424,32.40316691942167,0.9049255404281616
1425,33.83432286674382,0.9028686004848481
1426,31.07200418641134,0.8920511997313499
1427,37.29498468343784,0.9518181907720565
1428,37.38844997500617,0.9509773717646599
1429,37.42821786890073,0.9509960377573967
1430,37.290007020890414,0.9533591238436699
1431,36.878477941059174,0.9501261880431175
1432,36.91829602601167,0.9511023388226032
1433,36.78632914862716,0.9512035763527155
1434,36.70958543251111,0.9502848573980331
1435,36.9264479795911,0.9508085993766785
1436,37.165828583438774,0.9509221187429429
1437,37.46703443381734,0.9523545887699127
1438,37.35346134384547,0.953461974770546
1439,37.487967361711156,0.9525299681713582
1440,37.46957782089066,0.9559797324151993
1441,37.56596614944438,0.956959583393097
1442,37.62050705022092,0.9579731133651733
1443,37.87907367956778,0.957122446568966
1444,37.817524475992506,0.9559289193310737
1445,37.47456600367916,0.9527556139302253
1446,37.212777282262934,0.9534788508958817
1447,37.5399430965988,0.9549883309121132
1448,37.26453331063694,0.9535411345214844
1449,37.36527778303251,0.9528727150421142
1450,37.21024031150715,0.95216966943264
1451,37.32342206628648,0.9529269126691818
1452,37.47448641967024,0.9531788682003022
1453,37.64029188700796,0.9543207905182839
1454,37.58829286104935,0.9542783452911376
1455,37.409004890233554,0.954240451613903
1456,37.44708228810292,0.9534896204175949
1457,37.334478919001725,0.9527149692311286
1458,37.17505667048243,0.9522822043309211
1459,37.46513943244915,0.9528876767549515
1460,38.06945713328587,0.9534599268755912
1461,38.33064130434188,0.9458247982730865
1462,38.300573105574735,0.9443824024362564
1463,38.08409066264545,0.941455550105095
1464,37.8904646765695,0.9412623262786866
1465,38.04109535608336,0.9435737427909374
1466,37.99184440797793,0.9420202094569207
1467,38.291425746340565,0.9468023194823265
1468,37.91755867826163,0.9444635921344757
1469,38.08723265156013,0.948077010240078
1470,38.09331859898646,0.9476765555114746
1471,38.28337019145089,0.9519303816204071
1472,38.401191938231406,0.9529292765488625
1473,38.39809443797158,0.9531270012516976
1474,38.28323892073767,0.9505440731663704
1475,38.37749084799486,0.9513510439743995
1476,38.415373016900084,0.9516784454813003
1477,29.008223247516636,0.7802991304433979
1478,28.779312616336913,0.7847164927080572
1479,29.83772047156173,0.8197894515867233
1480,31.449044414765375,0.8714981541210413
1481,31.48284497002976,0.8668047291448117
1482,28.382966818463782,0.8371197284188271
1483,28.302301227809235,0.8320719411563873
1484,29.525073431118077,0.8578215967879296
1485,28.656548033284828,0.8515875853877067
1486,28.32973597033177,0.8506608306245804
1487,28.28693879578008,0.8527437064936683
1488,27.83602234323325,0.8660807865902186
1489,27.171917597383455,0.842958102206409
1490,28.35010484588353,0.8445940246312619
1491,28.20283129671259,0.8462512928011418
1492,28.203719193745428,0.797036104936976
1493,26.854895834821285,0.826227277794838
1494,31.01552032913457,0.8035589330873489
1495,29.15226714859928,0.7981698732743263
1496,28.713879419489494,0.8126845770568848
1497,29.069004051257092,0.8084696850319057
1498,28.65282570637781,0.8066829048531875
1499,35.84569451783509,0.8807856017122269
1500,35.953008005426256,0.8803444803981781
1501,35.935843635832335,0.8811238453435898
1502,35.96780590710921,0.881507160852909
1503,35.83158242243188,0.8805927378640175
1504,35.889045879351265,0.8810395442194938
1505,35.79154764678131,0.8822751100578308
1506,35.78606297000847,0.881548408967495
1507,35.823259666031035,0.8814303807725906
1508,35.78872620391267,0.8819240726222992
1509,35.83416773341052,0.8822943478980064
1510,35.96461310639551,0.8811438116784096
1511,33.08568339262437,0.8948567969503403
1512,34.13917786082621,0.8967947862870693
1513,36.75947672973142,0.9203246498794556
1514,35.24086369043332,0.9074674289693833
1515,35.40468633584491,0.897819238820076
1516,35.8928740738935,0.8962947550728321
1517,32.214994101304775,0.9007169918465614
1518,33.09750765648167,0.9280361790456771
1519,32.42187128653347,0.8983627629082203
1520,35.60526099193891,0.9517397961931229
1521,33.481966989331994,0.8976469424829483
1522,32.6140019463666,0.8893431554899216
1523,29.57734813869507,0.8613858718461991
1524,32.087997518304746,0.8928332053926588
1525,32.266725521751894,0.894848794763565
1526,32.86770604736185,0.9048248361644745
1527,33.264341814373985,0.8822443565845489
1528,33.08639314877449,0.8820793614659309
1529,31.675743754329314,0.8730428608906269
1530,33.50879127246566,0.8906238493113517
1531,33.40692458233349,0.8881621400190591
1532,33.30956936591514,0.8950049548828601
1533,33.384776627545875,0.892384851798296
1534,33.862689215124014,0.8885803435447216
1535,34.84617212765329,0.9040135991020203
1536,33.71367017883228,0.8813270322971344
1537,33.63259802985593,0.8842178067770005
1538,32.74432352987582,0.8801565337629318
1539,36.947084682399144,0.8954303837280273
1540,31.988609671453595,0.8366842426645755
1541,29.986617117063293,0.8511383762156516
1542,30.834051920688307,0.8643903266849517
1543,32.8027744461083,0.8969691864970922
1544,30.320879748791555,0.8667994173481465
1545,35.43150520324717,0.9065980744037628
1546,33.883013775658874,0.9061946743028164
1547,31.886979742654272,0.8805724928593636
1548,33.20854117171305,0.8937210522682667
1549,30.60590848384585,0.8546853582029342
1550,30.62598242785418,0.8562632281141281
1551,30.51778337508567,0.8540637355513573
1552,30.468194059477653,0.8534682357897758
1553,30.531032384772132,0.8545844211359024
1554,34.17465761500649,0.9213812392257785
1555,32.9412030068591,0.8958712408579588
1556,32.69004551490249,0.8974587978935241
1557,33.36826375770635,0.9121999292831421
1558,33.36499693373528,0.9178935604709387
1559,34.624066585449654,0.9285586432487964
1560,33.492151021295214,0.9064365915831327
1561,34.11554812175868,0.9125186141984463
1562,33.874209302413234,0.8983365794423819
1563,34.612862925479234,0.9085981103153229
